"","workerId","chain","generation","nouns","strings","prepM","prepR","swap"
"1","ZeroA","A",0,7,"sisu;vinvi;konkan;tulsul;sisu konkan rae;sisu moy vinvi;sisu tulsul moy;rae tulsul vinvi;konkan moy tulsul;tulsul konkan moy;konkan sisu rae;rae konkan vinvi;tulsul sisu moy;konkan rae vinvi;vinvi moy sisu;tulsul vinvi rae;tulsul konkan tulsul rae rae;tulsul rae sisu konkan moy;konkan sisu moy sisu rae;rae konkan tulsul sisu moy;konkan konkan rae vinvi rae;tulsul moy tulsul rae vinvi;moy konkan rae vinvi konkan;tulsul moy vinvi sisu rae;sisu vinvi moy vinvi rae;moy moy sisu tulsul tulsul;rae vinvi sisu moy vinvi;moy konkan sisu vinvi moy;moy konkan tulsul moy tulsul rae konkan;konkan vinvi moy konkan vinvi moy rae;vinvi tulsul moy moy rae tulsul tulsul;tulsul vinvi sisu vinvi rae moy rae;moy rae vinvi moy sisu sisu konkan;moy konkan moy sisu vinvi moy konkan;rae sisu moy tulsul sisu sisu rae;vinvi rae tulsul rae rae konkan konkan;tulsul rae moy konkan sisu konkan moy;tulsul moy rae vinvi moy vinvi sisu;vinvi moy rae vinvi sisu sisu rae;moy rae sisu konkan tulsul rae tulsul","left","atop","false"
"7","ZeroB","B",0,3,"vusu;tinkin;solson;kolkil;vusu solson rae;vusu moy tinkin;moy kolkil vusu;kolkil rae tinkin;kolkil moy solson;kolkil solson moy;rae solson vusu;rae tinkin solson;kolkil moy vusu;tinkin solson rae;tinkin moy vusu;tinkin rae kolkil;kolkil rae kolkil solson rae;rae vusu kolkil solson moy;rae moy vusu vusu solson;kolkil solson moy vusu rae;rae solson tinkin rae solson;tinkin kolkil rae kolkil moy;solson solson rae moy tinkin;moy kolkil tinkin vusu rae;tinkin moy tinkin vusu rae;kolkil moy moy kolkil vusu;vusu moy rae tinkin tinkin;vusu solson moy tinkin moy;moy kolkil kolkil solson rae solson moy;solson solson tinkin moy rae moy tinkin;moy moy kolkil kolkil rae tinkin kolkil;vusu kolkil moy tinkin rae rae tinkin;vusu moy tinkin rae solson moy vusu;moy solson solson moy moy vusu tinkin;moy vusu vusu kolkil rae rae vusu;rae rae kolkil tinkin solson rae solson;solson moy rae kolkil moy solson vusu;tinkin moy tinkin rae vusu moy kolkil;rae vusu tinkin vusu moy rae tinkin;kolkil solson moy vusu rae rae kolkil","left","atop","false"
"13","ZeroC","C",0,1,"kuka;tultol;vinkin;solsil;kuka vinkin rae;kuka moy tultol;moy kuka solsil;solsil tultol rae;vinkin moy solsil;vinkin solsil moy;vinkin kuka rae;tultol vinkin rae;kuka moy solsil;vinkin rae tultol;moy kuka tultol;rae solsil tultol;rae rae vinkin solsil solsil;moy solsil kuka rae vinkin;vinkin rae moy kuka kuka;kuka rae solsil moy vinkin;rae vinkin rae vinkin tultol;solsil tultol solsil moy rae;vinkin rae tultol moy vinkin;moy tultol kuka rae solsil;rae kuka tultol tultol moy;solsil solsil moy moy kuka;tultol kuka rae tultol moy;tultol vinkin kuka moy moy;vinkin solsil rae vinkin moy solsil moy;rae moy vinkin tultol moy vinkin tultol;solsil moy moy solsil solsil rae tultol;tultol moy kuka solsil rae tultol rae;kuka moy rae kuka moy vinkin tultol;moy vinkin vinkin moy moy tultol kuka;solsil rae rae kuka kuka moy kuka;rae tultol vinkin rae solsil vinkin rae;moy rae kuka moy vinkin solsil vinkin;moy solsil tultol moy rae kuka tultol;moy rae rae kuka tultol tultol kuka;rae rae kuka vinkin solsil moy solsil","left","atop","false"
"19","ZeroD","D",0,8,"titil;vuntun;silvil;kaku;titil silvil rae;moy vuntun titil;moy kaku titil;rae kaku vuntun;moy silvil kaku;silvil kaku moy;titil rae silvil;rae silvil vuntun;kaku titil moy;vuntun rae silvil;titil moy vuntun;vuntun kaku rae;rae kaku silvil kaku rae;moy titil silvil rae kaku;titil moy titil rae silvil;titil kaku moy silvil rae;silvil vuntun rae silvil rae;kaku vuntun kaku rae moy;rae silvil silvil moy vuntun;titil kaku rae moy vuntun;vuntun vuntun titil rae moy;kaku kaku moy moy titil;titil vuntun rae vuntun moy;moy silvil moy vuntun titil;kaku rae moy silvil moy kaku silvil;vuntun rae moy moy vuntun silvil silvil;moy moy rae vuntun kaku kaku kaku;vuntun rae rae kaku vuntun moy titil;moy titil titil silvil moy vuntun rae;moy silvil vuntun silvil titil moy moy;kaku titil titil rae moy rae titil;silvil rae rae kaku silvil vuntun rae;moy rae moy kaku silvil silvil titil;vuntun vuntun titil moy rae moy kaku;moy vuntun titil rae rae vuntun titil;titil rae kaku rae moy kaku silvil","right","atop","false"
"25","ZeroE","E",0,6,"soko;vilval;tulkul;kinsin;tulkul rae soko;vilval moy soko;moy soko kinsin;rae kinsin vilval;kinsin moy tulkul;moy kinsin tulkul;soko tulkul rae;tulkul rae vilval;moy kinsin soko;vilval rae tulkul;soko moy vilval;rae vilval kinsin;rae tulkul kinsin rae kinsin;soko tulkul moy rae kinsin;soko soko rae tulkul moy;moy kinsin soko tulkul rae;vilval tulkul rae tulkul rae;kinsin vilval rae moy kinsin;tulkul tulkul rae moy vilval;vilval kinsin soko rae moy;vilval moy vilval rae soko;kinsin kinsin soko moy moy;moy vilval rae soko vilval;tulkul moy soko vilval moy;moy moy kinsin tulkul rae kinsin tulkul;rae moy moy tulkul tulkul vilval vilval;moy kinsin vilval rae moy kinsin kinsin;soko kinsin vilval rae vilval rae moy;vilval rae soko moy soko moy tulkul;moy tulkul soko vilval moy moy tulkul;soko soko soko rae rae kinsin moy;rae kinsin tulkul rae vilval tulkul rae;moy moy tulkul tulkul kinsin soko rae;moy moy kinsin soko vilval rae vilval;vilval moy rae vilval soko soko rae;soko tulkul rae rae kinsin moy kinsin","right","atop","false"
"31","ZeroF","F",0,9,"valtal;kolkul;siso;tontin;siso rae valtal;kolkul valtal moy;tontin valtal moy;rae tontin kolkul;tontin moy siso;tontin siso moy;valtal rae siso;siso kolkul rae;valtal tontin moy;rae siso kolkul;moy valtal kolkul;tontin kolkul rae;tontin rae tontin siso rae;tontin rae moy valtal siso;rae valtal siso moy valtal;rae valtal siso tontin moy;siso rae kolkul rae siso;moy tontin kolkul rae tontin;siso rae kolkul siso moy;tontin moy valtal kolkul rae;valtal kolkul rae kolkul moy;moy tontin valtal moy tontin;kolkul valtal moy kolkul rae;siso moy kolkul moy valtal;siso moy siso tontin rae tontin moy;moy kolkul rae siso moy siso kolkul;tontin rae moy tontin moy tontin kolkul;tontin kolkul rae valtal moy rae kolkul;valtal siso rae moy kolkul valtal moy;moy siso valtal moy moy kolkul siso;rae moy tontin rae valtal valtal valtal;rae siso siso rae kolkul rae tontin;siso moy siso tontin rae moy valtal;tontin kolkul moy kolkul moy valtal rae;moy rae valtal kolkul rae kolkul valtal;siso tontin valtal rae moy rae tontin","right","atop","false"
"37","ZeroG","G",0,9,"valtal;kolkul;siso;tontin;rae valtal siso;moy kolkul valtal;valtal moy tontin;rae kolkul tontin;moy tontin siso;siso moy tontin;siso valtal rae;rae siso kolkul;moy valtal tontin;kolkul siso rae;kolkul valtal moy;tontin rae kolkul;rae siso tontin tontin rae;siso moy tontin rae valtal;rae valtal moy valtal siso;valtal rae tontin moy siso;siso siso kolkul rae rae;kolkul rae tontin moy tontin;rae kolkul siso siso moy;kolkul tontin valtal moy rae;kolkul moy kolkul rae valtal;tontin valtal moy moy tontin;rae kolkul valtal moy kolkul;moy kolkul valtal moy siso;tontin moy siso tontin rae siso moy;siso siso moy kolkul rae kolkul moy;moy moy tontin kolkul rae tontin tontin;rae tontin kolkul rae moy kolkul valtal;valtal moy rae siso moy kolkul valtal;moy kolkul moy siso valtal siso moy;rae valtal valtal moy valtal rae tontin;rae siso rae siso kolkul tontin rae;rae moy tontin moy siso siso valtal;rae kolkul tontin moy kolkul moy valtal;valtal kolkul rae moy valtal rae kolkul;tontin valtal siso rae moy tontin rae","left","under","false"
"43","ZeroH","H",0,2,"sulsal;tinkin;kakan;volsol;kakan rae sulsal;sulsal tinkin moy;sulsal volsol moy;tinkin volsol rae;volsol moy kakan;volsol kakan moy;sulsal rae kakan;rae tinkin kakan;sulsal moy volsol;tinkin kakan rae;moy sulsal tinkin;volsol tinkin rae;volsol volsol rae rae kakan;rae sulsal kakan moy volsol;sulsal kakan moy rae sulsal;rae sulsal moy volsol kakan;kakan kakan tinkin rae rae;volsol tinkin moy rae volsol;moy kakan rae kakan tinkin;tinkin volsol moy rae sulsal;moy tinkin sulsal tinkin rae;sulsal volsol volsol moy moy;tinkin rae sulsal tinkin moy;kakan moy sulsal moy tinkin;kakan moy volsol volsol moy kakan rae;rae moy kakan tinkin kakan tinkin moy;volsol volsol moy tinkin volsol rae moy;rae volsol sulsal tinkin tinkin rae moy;sulsal sulsal kakan rae moy moy tinkin;moy tinkin moy moy kakan kakan sulsal;sulsal rae sulsal rae moy volsol sulsal;kakan volsol tinkin kakan rae rae rae;volsol kakan rae kakan moy moy sulsal;sulsal volsol tinkin tinkin moy moy rae;tinkin rae tinkin sulsal moy rae sulsal;rae volsol sulsal volsol rae moy kakan","right","atop","false"
"49","ZeroI","I",0,6,"soko;vilval;tulkul;kinsin;rae tulkul soko;soko vilval moy;soko kinsin moy;kinsin rae vilval;moy kinsin tulkul;moy tulkul kinsin;rae soko tulkul;rae tulkul vilval;kinsin soko moy;tulkul vilval rae;moy soko vilval;rae vilval kinsin;kinsin rae kinsin tulkul rae;soko tulkul kinsin rae moy;soko rae soko tulkul moy;rae kinsin soko tulkul moy;rae vilval tulkul rae tulkul;kinsin moy rae kinsin vilval;tulkul vilval tulkul moy rae;kinsin moy vilval rae soko;vilval rae soko vilval moy;soko moy kinsin kinsin moy;moy rae vilval vilval soko;tulkul moy soko moy vilval;rae kinsin moy tulkul kinsin moy tulkul;tulkul vilval tulkul moy moy rae vilval;vilval kinsin kinsin rae moy kinsin moy;moy rae soko vilval vilval kinsin rae;moy rae tulkul soko moy vilval soko;tulkul moy tulkul soko vilval moy moy;kinsin rae soko rae moy soko soko;tulkul vilval rae rae kinsin rae tulkul;rae kinsin tulkul moy moy tulkul soko;kinsin vilval moy soko moy vilval rae;rae soko rae soko vilval vilval moy;kinsin kinsin soko rae moy tulkul rae","right","atop","false"
"55","ZeroJ","J",0,5,"toltul;vivin;sasan;koto;rae sasan toltul;moy vivin toltul;toltul moy koto;rae vivin koto;koto moy sasan;koto sasan moy;rae toltul sasan;sasan vivin rae;moy koto toltul;vivin sasan rae;vivin toltul moy;vivin koto rae;koto sasan rae rae koto;toltul moy rae sasan koto;rae toltul sasan toltul moy;sasan rae moy koto toltul;rae rae sasan sasan vivin;koto koto rae vivin moy;rae moy sasan sasan vivin;moy toltul koto vivin rae;moy vivin rae vivin toltul;moy koto koto toltul moy;vivin rae toltul vivin moy;moy moy toltul sasan vivin;rae sasan moy koto koto sasan moy;rae sasan vivin moy sasan vivin moy;moy moy koto vivin koto rae koto;vivin rae toltul moy vivin rae koto;sasan toltul rae moy moy toltul vivin;moy toltul moy vivin sasan sasan moy;toltul rae toltul toltul rae koto moy;sasan vivin rae rae koto sasan rae;toltul rae sasan moy koto moy sasan;vivin vivin toltul moy rae moy koto;toltul toltul rae vivin moy vivin rae;koto sasan moy koto rae toltul rae","right","under","false"
"61","ZeroK","K",0,4,"tuntul;vinkin;sosi;kanka;tuntul sosi rae;moy tuntul vinkin;tuntul moy kanka;kanka vinkin rae;moy sosi kanka;moy kanka sosi;rae tuntul sosi;rae vinkin sosi;moy kanka tuntul;sosi rae vinkin;moy vinkin tuntul;rae kanka vinkin;rae sosi rae kanka kanka;sosi rae moy tuntul kanka;tuntul rae tuntul moy sosi;tuntul sosi moy kanka rae;rae rae vinkin sosi sosi;rae moy vinkin kanka kanka;rae moy sosi sosi vinkin;vinkin moy rae tuntul kanka;rae moy tuntul vinkin vinkin;kanka moy kanka tuntul moy;vinkin rae tuntul vinkin moy;sosi moy tuntul vinkin moy;moy kanka sosi rae sosi moy kanka;moy rae sosi vinkin sosi moy vinkin;vinkin moy moy kanka rae kanka kanka;moy vinkin rae tuntul kanka vinkin rae;moy tuntul vinkin tuntul rae moy sosi;moy vinkin tuntul sosi moy moy sosi;tuntul tuntul rae kanka rae tuntul moy;rae sosi rae vinkin kanka rae sosi;moy sosi tuntul rae sosi kanka moy;kanka moy vinkin rae tuntul moy vinkin;tuntul vinkin moy tuntul vinkin rae rae;rae kanka rae kanka moy tuntul sosi","right","under","false"
"67","ZeroL","L",0,0,"kilkul;vanva;tovo;sunsin;kilkul tovo rae;kilkul vanva moy;sunsin kilkul moy;vanva sunsin rae;moy tovo sunsin;moy sunsin tovo;tovo kilkul rae;tovo vanva rae;kilkul moy sunsin;tovo rae vanva;vanva moy kilkul;sunsin rae vanva;sunsin tovo rae rae sunsin;rae kilkul sunsin moy tovo;kilkul moy kilkul rae tovo;sunsin tovo rae kilkul moy;tovo rae rae tovo vanva;vanva moy rae sunsin sunsin;tovo tovo vanva rae moy;rae vanva moy sunsin kilkul;vanva moy kilkul rae vanva;moy kilkul sunsin sunsin moy;moy rae vanva vanva kilkul;vanva moy kilkul moy tovo;rae moy sunsin tovo sunsin moy tovo;moy rae vanva vanva moy tovo tovo;moy sunsin vanva sunsin moy rae sunsin;vanva rae kilkul sunsin vanva rae moy;kilkul moy moy rae vanva kilkul tovo;vanva moy tovo kilkul moy tovo moy;rae sunsin kilkul rae kilkul moy kilkul;rae tovo tovo vanva rae rae sunsin;tovo kilkul sunsin tovo moy rae moy;moy vanva kilkul moy sunsin rae vanva;rae moy kilkul kilkul rae vanva vanva;tovo sunsin kilkul rae sunsin moy rae","right","under","false"
"2","A40","A",1,7,"sisu;vinvi;konkan;tulsul;sisu konkan rae;vinvi sisu moy;sisu tulsul moy;tulsul vinvi rae;konkan tulsul moy;tulsul konkan moy;konkan sisu moy;konkan vinvi rae;tulsul sisu moy;vinvi konkan rae;sisu vinvi moy;vinvi tulsul rae;vinvi tulsul tulsul konkan vinvi;konkan moy tulsul sisu rae;sisu rae konkan sisu moy;tulsul konkan moy sisu rae;konkan rae konkan vinvi rae;vinvi moy tulsul tulsul rae;vinvi konkan rae moy konkan;sisu tulsul moy vinvi rae;vinvi vinvi moy rae sisu;tulsul tulsul sisu moy moy;vinvi vinvi rae sisu moy;vinvi konkan moy sisu moy;tulsul konkan moy konkan tulsul rae rae;konkan konkan moy vinvi vinvi rae vinvi;tulsul rae tulsul vinvi moy tulsul moy;vinvi vinvi moy tulsul rae sisu rae;sisu vinvi moy sisu moy konkan rae;konkan sisu moy vinvi konkan moy moy;sisu moy sisu sisu rae tulsul rae;tulsul konkan rae vinvi konkan rae konkan;konkan konkan tulsul moy sisu rae konkan;vinvi vinvi rae tulsul moy sisu moy;sisu sisu vinvi rae vinvi moy rae;konkan sisu rae tulsul tulsul rae moy","left","atop","false"
"8","A51","B",1,3,"vusu;tinkin;solson;kolkil;vusu rae solson;tinkin moy vusu;vusu moy kolkil;kolkil rae tinkin;solson moy kolkil;kolkil moy solson;kolkil solson rae;solson rae tinkin;kolkil moy vusu;tinkin rae solson;vusu moy tinkin;tinkin rae kolkil;rae kolkil kolkil rae solson;solson moy kolkil rae vusu;rae vusu solson moy vusu;kolkil moy solson rae vusu;tinkin rae solson rae solson;tinkin moy rae kolkil kolkil;tinkin rae solson moy solson;vusu moy rae kolkil solson;rae vusu tinkin moy tinkin;kolkil moy kolkil moy vusu;tinkin rae tinkin moy vusu;tinkin moy solson vusu moy;kolkil moy solson moy rae solson kolkil;rae tinkin solson moy solson moy tinkin;rae kolkil moy tinkin rae kolkil moy;vusu rae kolkil rae rae moy tinkin;vusu moy tinkin moy vusu rae solson;solson moy vusu moy tinkin moy solson;vusu moy rae kolkil rae vusu rae;solson rae tinkin rae solson rae kolkil;solson moy rae vusu moy solson kolkil;rae tinkin tinkin moy kolkil moy vusu;rae tinkin vusu rae vusu moy tinkin;moy kolkil kolkil rae vusu rae solson","left","atop","false"
"14","A11","C",1,1,"kuka;tultol;vinkin;solsil;kuka rae vinkin;tultol moy kuka;kuka moy solsil;solsil rae tultol;vinkin moy solsil;solsil moy vinkin;vinkin rae kuka;tultol rae vinkin;solsil moy kuka;vinkin rae tultol;kuka moy tultol;solsil rae tultol;vinkin rae solsil solsil rae;vinkin moy kuka rae solsil;vinkin moy kuka rae kuka;kuka rae solsil moy vinkin;vinkin rae vinkin rae tultol;vinkin moy solsil rae solsil;vinkin rae tultol moy vinkin;vinkin rae kuka moy solsil;tultol moy tultol rae kuka;solsil moy solsil moy kuka;tultol rae tultol moy kuka;tultol moy tultol moy kuka;solsil moy vinkin moy vinkin rae solsil;vinkin moy vinkin moy tultol rae tultol;solsil moy solsil rae solsil moy tultol;tultol moy tultol rae solsil rae kuka;vinkin rae kuka moy vinkin moy kuka;vinkin moy kuka moy tultol moy vinkin;kuka moy kuka rae kuka rae solsil;solsil rae vinkin rae tultol rae vinkin;vinkin moy vinkin moy solsil rae kuka;vinkin rae tultol moy solsil moy kuka;kuka rae kuka rae tultol moy tultol;vinkin rae kuka rae solsil moy solsil","left","atop","false"
"20","A5","D",1,8,"titil;vuntun;silvil;kaku;rae titil silvil;moy vuntun titil;moy kaku titil;rae kaku vuntun;moy silvil kaku;silvil kaku moy;titil rae silvil;rae silvil vuntun;moy kaku titil;rae silvil vuntun;moy kaku vuntun;rae vuntun kaku;rae kaku silvil kaku rae;moy titil silvil rae kaku;titil moy titil rae silvil;titil kaku moy silvil rae;silvil vuntun rae silvil rae;kaku vuntun kaku rae moy;rae silvil silvil moy vuntun;titil kaku rae moy vuntun;titil moy vuntun rae vuntun;kaku moy kaku moy titil;rae vuntun titil moy vuntun;vuntun moy silvil moy titil;kaku moy silvil moy silvil rae kaku;moy vuntun vuntun rae vuntun vuntun silvil;kaku moy silvil rae kaku moy kaku;vuntun moy vuntun kaku rae titil titil;titil moy vuntun moy titil rae silvil;silvil moy titil moy vuntun moy silvil;titil moy kaku rae titil rae titil;silvil rae vuntun rae silvil rae kaku;silvil moy titil rae silvil moy kaku;silvil rae silvil moy kaku moy titil;vuntun rae titil rae titil moy vuntun;kaku rae kaku rae titil rae silvil","right","atop","false"
"26","A45","E",1,6,"soko;vilval;tulkul;kinsin;tulkul rae soko;soko moy vilval;kinsin moy soko;kinsin rae vilval;kinsin moy tulkul;tulkul moy kinsin;tulkul rae soko;tulkul rae vilval;soko moy kinsin;vilval rae tulkul;vilval moy soko;vilval rae kinsin;kinsin kinsin rae tulkul rae;kinsin rae soko moy tulkul;soko rae soko moy tulkul;tulkul moy kinsin rae soko;vilval rae tulkul rae tulkul;kinsin rae kinsin moy vilval;vilval rae tulkul moy tulkul;soko moy kinsin rae vilval;soko rae vilval moy vilval;soko moy kinsin moy kinsin;soko moy vilval rae vilval;soko moy tulkul moy vilval;tulkul rae kinsin moy tulkul moy kinsin;vilval rae vilval moy tulkul moy tulkul;kinsin moy vilval moy kinsin rae kinsin;soko rae kinsin rae vilval moy vilval;soko moy vilval moy soko rae tulkul;tulkul moy vilval moy soko moy tulkul;kinsin rae soko rae soko moy soko;tulkul rae vilval rae tulkul rae kinsin;soko rae kinsin moy tulkul moy tulkul;soko moy kinsin moy vilval rae vilval;vilval moy vilval rae soko rae soko;kinsin moy kinsin rae soko rae tulkul","right","atop","false"
"32","A15","F",1,9,"valtal;kolkul;siso;tontin;valtal rae siso;valtal moy valtal;valtal moy tontin;tontin rae kolkul;siso moy tontin;tontin moy siso;siso rae kolkul;siso rae kolkul;tontin moy kolkul;kolkul moy rae;valtal moy kolkul;kolkul rae tontin;tontin rae tontin rae siso;siso moy tontin rae valtal;valtal rae siso moy valtal;tontin moy siso rae valtal;kolkul rae siso rae siso;kolkul moy tontin rae tontin;kolkul moy siso moy rae;valtal moy tontin rae kolkul;valtal rae kolkul moy kolkul;tontin moy tontin moy valtal;kolkul rae kolkul moy valtal;kolkul moy siso moy valtal;tontin moy siso moy siso rae tontin;kolkul rae siso moy siso moy kolkul;tontin moy kolkul rae tontin moy tontin;kolkul valtal rae kolkul moy tontin kolkul;valtal moy kolkul moy valtal rae siso;siso moy valtal moy kolkul moy siso;valtal moy tontin rae valtal rae valtal;siso rae kolkul rae siso rae tontin;siso moy valtal rae siso moy tontin;kolkul rae kolkul moy tontin moy kolkul;kolkul rae valtal rae valtal moy kolkul;tontin moy tontin rae valtal rae siso","right","atop","false"
"38","A58","G",1,9,"valtal;kolkul;siso;tontin;siso rae valtal;kolkul moy valtal;valtal moy tontin;kolkul rae tontin;siso moy tontin;siso moy tontin;valtal rae siso;kolkul rae siso;tontin moy valtal;siso rae kolkul;valtal moy kolkul;tontin rae kolkul;siso tontin tontin rae rae;siso moy valtal rae tontin;siso moy valtal rae valtal;valtal rae tontin moy siso;siso rae siso rae kolkul;kolkul moy tontin rae tontin;siso rae kolkul moy siso;moy valtal tontin rae kolkul;kolkul moy kolkul rae valtal;tontin moy tontin moy valtal;kolkul rae kolkul moy valtal;kolkul moy siso moy valtal;tontin moy siso moy tontin rae siso;siso moy siso moy kolkul rae kolkul;moy tontin tontin rae tontin moy kolkul;kolkul moy kolkul rae tontin rae valtal;siso rae valtal moy kolkul moy valtal;siso moy valtal moy kolkul moy siso;valtal moy valtal moy tontin moy valtal;tontin moy siso moy kolkul rae siso;siso moy siso moy tontin rae valtal;kolkul rae kolkul moy tontin moy valtal;valtal rae valtal rae kolkul moy kolkul;siso rae valtal rae tontin moy tontin","left","under","false"
"44","A23","H",1,2,"sulsal;tinkin;kakan;volsol;sulsal rae kakan;sulsal moy tinkin;sulsal volsol moy;volsol rae tinkin;volsol kakan moy;kakan moy volsol;kakan rae sulsal;kakan rae tinkin;sulsal volsol moy;tinkin rae kakan;kakan moy tinkin;rae tinkin volsol;rae kakan volsol rae volsol;kakan moy volsol rae sulsal;sulsal rae kakan kakan moy;rae kakan moy volsol sulsal;rae kakan rae rae tinkin;moy tinkin volsol rae volsol;rae tinkin kakan moy kakan;volsol moy sulsal rae tinkin;tinkin moy tinkin rae sulsal;sulsal moy volsol moy volsol;sulsal moy tinkin tinkin rae;sulsal moy kakan moy tinkin;rae kakan tinkin moy kakan volsol moy;rae tinkin tinkin moy kakan moy kakan;tinkin moy volsol rae tinkin moy volsol;rae sulsal rae volsol tinkin moy tinkin;sulsal moy tinkin moy sulsal rae kakan;moy kakan moy tinkin moy sulsal moy;moy sulsal sulsal rae sulsal rae volsol;kakan rae tinkin rae kakan rae volsol;sulsal rae tinkin kakan moy moy kakan;sulsal volsol moy moy tinkin rae tinkin;tinkin sulsal moy rae sulsal tinkin rae;volsol volsol moy rae sulsal rae kakan","right","atop","false"
"50","A36","I",1,6,"soko;vilval;tulkul;kinsin;soko moy tulkul;soko moy vilval;kinsin moy soko;kinsin rae vilval;kinsin moy tulkul;tulkul moy kinsin;tulkul rae soko;tulkul rae vilval;soko moy kinsin;vilval rae tulkul;tulkul moy soko;tulkul rae kinsin;kinsin rae kinsin rae tulkul;kinsin rae soko tulkul moy;soko rae soko moy tulkul;tulkul moy kinsin soko rae;vilval rae tulkul rae tulkul;kinsin rae kinsin vilval moy;tulkul moy vilval rae tulkul;kinsin moy soko vilval rae;vilval moy vilval soko rae;soko moy kinsin moy kinsin;vilval rae vilval soko moy;soko moy tulkul moy vilval;tulkul rae kinsin moy tulkul moy kinsin;vilval moy tulkul moy tulkul vilval rae;kinsin moy kinsin vilval moy kinsin rae;soko rae kinsin rae vilval moy vilval;soko moy vilval moy soko tulkul rae;tulkul moy vilval moy soko moy tulkul;kinsin rae soko rae soko soko moy;tulkul moy vilval moy tulkul moy kinsin;kinsin moy tulkul soko rae tulkul moy;soko moy kinsin moy vilval vilval rae;vilval moy vilval rae soko rae soko;kinsin moy kinsin soko rae tulkul rae","right","atop","false"
"56","A7","J",1,5,"toltul;vivin;sasan;koto;rae sasan toltul;moy vivin toltul;moy toltul koto;rae koto vivin;moy sasan koto;moy koto sasan;rae sasan toltul;rae sasan vivin;moy koto toltul;rae sasan vivin;moy toltul vivin;rae vivin koto;rae koto koto sasan koto;moy sasan rae koto toltul;rae sasan toltul toltul toltul;rae koto sasan toltul rae;rae vivin sasan sasan rae;moy vivin koto koto rae;moy rae vivin koto moy;rae toltul koto vivin vivin;rae vivin vivin toltul toltul;moy koto koto toltul toltul;moy rae vivin vivin moy;moy vivin sasan moy toltul;moy koto sasan sasan koto rae moy;rae vivin sasan moy sasan vivin moy;moy rae koto vivin koto moy koto;rae toltul koto rae vivin vivin moy;rae toltul moy vivin moy toltul rae;moy sasan toltul moy vivin moy sasan;moy toltul rae koto toltul rae toltul;rae sasan vivin rae sasan rae koto;moy sasan rae toltul sasan moy koto;moy vivin rae vivin moy koto moy;rae vivin toltul rae toltul moy vivin;rae koto koto toltul rae sasan rae","right","under","false"
"62","A37","K",1,4,"tuntul;vinkin;sosi;kanka;sosi rae tuntul;moy tuntul vinkin;moy kanka tuntul;rae kanka vinkin;moy kanka sosi;moy kanka sosi;rae sosi tuntul;rae vinkin sosi;moy tuntul kanka;rae vinkin sosi;moy tuntul vinkin;vinkin rae kanka;rae sosi kanka kanka rae;rae kanka tuntul moy sosi;rae tuntul moy sosi tuntul;rae sosi kanka moy tuntul;rae vinkin sosi sosi rae;vinkin moy rae kanka kanka;moy sosi rae vinkin sosi;moy kanka tuntul rae vinkin;moy vinkin vinkin rae tuntul;moy kanka tuntul moy kanka;rae vinkin vinkin moy tuntul;moy tuntul sosi moy vinkin;rae kanka sosi moy sosi moy kanka;moy vinkin moy sosi sosi rae vinkin;moy kanka kanka rae moy vinkin kanka;moy vinkin vinkin rae kanka tuntul rae;moy tuntul vinkin moy tuntul rae sosi;moy sosi vinkin moy tuntul sosi moy;rae rae tuntul tuntul moy tuntul kanka;rae rae rae kanka sosi vinkin kanka;moy kanka sosi rae tuntul moy sosi;moy tuntul moy kanka rae vinkin vinkin;moy vinkin rae rae tuntul tuntul vinkin;rae rae tuntul sosi rae kanka kanka","right","under","false"
"68","A46","L",1,0,"kilkul;vanva;tovo;sunsin;tovo rae kilkul;vanva moy kilkul;sunsin moy kilkul;vanva sunsin rae;sunsin tovo moy;tovo sunsin moy;kilkul tovo rae;vanva tovo rae;kilkul sunsin moy;tovo vanva rae;vanva kilkul moy;sunsin vanva rae;tovo rae sunsin sunsin rae;kilkul sunsin rae tovo moy;kilkul moy tovo kilkul rae;kilkul rae rae tovo sunsin;rae tovo tovo vanva rae;rae sunsin sunsin moy vanva;vanva moy vanva tovo rae;sunsin kilkul moy vanva rae;rae vanva vanva moy kilkul;moy kilkul sunsin sunsin moy;moy kilkul rae vanva vanva;moy kilkul tovo vanva moy;sunsin rae tovo moy tovo sunsin moy;vanva moy tovo tovo rae vanva moy;sunsin moy sunsin rae moy vanva sunsin;vanva moy vanva rae sunsin kilkul rae;tovo rae kilkul moy vanva kilkul moy;moy tovo vanva moy kilkul tovo moy;kilkul kilkul sunsin rae moy kilkul moy;sunsin rae tovo rae vanva rae tovo;sunsin vanva moy rae kilkul moy tovo;kilkul sunsin moy vanva vanva rae moy;vanva moy kilkul kilkul rae vanva rae;tovo kilkul rae sunsin sunsin moy rae","right","under","false"
"3","A47","A",2,7,"sisu;vinvi;konkan;tulsul;sisu konkan rae;vinvi moy sisu;sisu moy tulsul;tulsul vinvi rae;konkan tulsul moy;tulsul konkan moy;konkan rae sisu;konkan rae vinvi;tulsul sisu moy;vinvi konkan rae;sisu moy vinvi;vinvi tulsul rae;tulsul rae tulsul rae konkan;konkan moy tulsul sisu rae;sisu rae konkan moy sisu;tulsul moy konkan moy vinvi;vinvi rae konkan rae konkan;vinvi moy tulsul rae tulsul;vinvi rae konkan moy konkan;sisu moy konkan rae vinvi;moy sisu rae konkan moy;tulsul moy tulsul moy sisu;konkan rae konkan moy sisu;vinvi moy konkan moy moy;tulsul moy konkan moy konkan rae tulsul;vinvi rae konkan moy konkan moy vinvi;tulsul moy vinvi rae tulsul moy tulsul;sisu rae tulsul rae vinvi moy vinvi;sisu moy vinvi moy sisu rae konkan;konkan moy sisu moy vinvi moy konkan;sisu moy tulsul rae sisu rae sisu;konkan moy vinvi rae konkan rae tulsul;konkan moy sisu rae konkan moy tulsul;vinvi rae vinvi moy tulsul moy sisu;vinvi rae sisu rae sisu moy vinvi;tulsul moy tulsul rae sisu rae konkan","left","atop","false"
"9","A19","B",2,3,"vusu;tinkin;solson;kolkil;vusu rae solson;tinkin moy vusu;vusu rae kolkil;kolkil rae tinkin;solson moy kolkil;kolkil moy solson;solson rae vusu;solson rae tinkin;kolkil rae vusu;tinkin rae solson;vusu rae tinkin;vusu rae kolkil;kolkil kolkil rae solson rae;solson moy kolkil rae vusu;solson moy vusu rae vusu;kolkil moy solson rae vusu;tinkin rae vusu rae vusu;tinkin moy kolkil kolkil rae;vusu rae solson moy solson;tinkin rae vusu moy kolkil;vusu rae tinkin moy tinkin;kolkil moy kolkil moy vusu;tinkin rae tinkin rae vusu;tinkin moy solson moy vusu;kolkil moy solson moy kolkil rae solson;solson moy solson moy tinkin rae tinkin;kolkil moy kolkil rae vusu moy kolkil;tinkin moy tinkin rae vusu rae kolkil;vusu moy tinkin moy vusu rae solson;solson moy vusu moy tinkin moy solson;vusu rae kolkil rae vusu rae vusu;tinkin tinkin rae solson rae kolkil rae;tinkin moy vusu rae solson moy kolkil;tinkin moy tinkin rae kolkil moy vusu;tinkin rae vusu rae vusu moy tinkin;kolkil moy kolkil rae vusu rae solson","left","atop","false"
"15","A49","C",2,1,"kuka;tultol;vinkin;solsil;kuka rae vinkin;tultol moy kuka;kuka moy solsil;solsil rae tultol;vinkin moy solsil;solsil moy vinkin;vinkin rae kuka;tultol rae vinkin;solsil moy kuka;vinkin rae tultol;kuka moy tultol;tultol rae solsil;solsil rae solsil vinkin rae;vinkin moy kuka rae solsil;kuka rae vinkin moy kuka;kuka rae solsil moy vinkin;vinkin rae vinkin rae tultol;vinkin moy solsil rae solsil;vinkin rae tultol moy vinkin;vinkin rae kuka moy solsil;vinkin moy vinkin rae kuka;solsil moy solsil moy kuka;vinkin rae vinkin moy kuka;tultol moy vinkin moy kuka;solsil moy vinkin moy solsil rae vinkin;vinkin moy vinkin moy tultol rae tultol;solsil kuka solsil moy tultol moy solsil;tultol moy tultol rae solsil rae kuka;vinkin rae kuka moy tultol moy kuka;vinkin moy kuka moy tultol moy vinkin;kuka moy kuka rae kuka rae solsil;solsil vinkin rae tultol rae vinkin rae;vinkin moy vinkin moy solsil rae kuka;tultol rae tultol moy solsil moy kuka;kuka rae kuka rae tultol moy tultol;vinkin rae kuka rae solsil moy solsil","left","atop","false"
"21","A4","D",2,8,"titil;vuntun;silvil;kaku;rae titil silvil;moy vuntun titil;moy kaku titil;rae kaku vuntun;moy silvil kaku;silvil kaku moy;titil rae silvil;rae silvil vuntun;moy kaku titil;vuntun silvil rae;moy kaku titil;vuntun kaku rae;rae kaku silvil kaku rae;moy titil silvil rae kaku;titil moy titil rae silvil;titil kaku moy silvil rae;silvil vuntun rae silvil rae;kaku vuntun kaku rae moy;rae silvil silvil moy vuntun;titil kaku rae moy vuntun;vuntun vuntun rae titil moy;moy kaku kaku titil titil;titil rae vuntun vuntun rae;vuntun moy silvil titil moy;kaku moy silvil kaku rae silvil rae;vuntun moy silvil silvil rae vuntun rae;kaku moy kaku rae vuntun moy kaku;vuntun vuntun rae kaku vuntun rae titil;silvil rae titil moy vuntun moy titil;silvil moy titil moy vuntun moy silvil;titil rae titil rae kaku moy titil;kaku rae silvil rae vuntun rae silvil;kaku moy silvil rae titil moy silvil;titil moy kaku moy vuntun rae vuntun;vuntun moy titil rae titil rae vuntun;silvil rae titil rae kaku rae kaku","right","atop","false"
"27","A48","E",2,6,"soko;vilval;tulkul;kinsin;tulkul moy soko;soko moy vilval;kinsin moy soko;vilval rae kinsin;kinsin moy tulkul;tulkul moy kinsin;soko moy tulkul;vilval moy tulkul;soko moy kinsin;tulkul rae vilval;vilval moy soko;kinsin rae vilval;kinsin rae kinsin rae tulkul;kinsin rae soko moy tulkul;soko rae soko moy tulkul;tulkul moy kinsin rae soko;vilval rae tulkul rae tulkul;kinsin rae kinsin moy vilval;tulkul moy vilval rae tulkul;kinsin moy soko rae vilval;soko rae vilval moy vilval;soko moy kinsin moy kinsin;vilval rae vilval soko moy;vilval soko moy tulkul moy;tulkul rae kinsin moy tulkul moy kinsin;vilval rae vilval moy tulkul moy tulkul;kinsin moy vilval moy kinsin rae vilval;soko rae kinsin rae vilval moy vilval;soko moy vilval moy soko rae tulkul;tulkul moy vilval moy soko moy tulkul;kinsin rae soko rae soko moy soko;tulkul rae vilval rae tulkul rae kinsin;soko rae kinsin moy tulkul moy tulkul;soko moy kinsin moy vilval rae vilval;vilval moy vilval rae soko rae soko;vilval moy kinsin rae soko rae tulkul","right","atop","false"
"33","A50","F",2,9,"valtal;kolkul;siso;tontin;valtal rae siso;kolkul moy valtal;tontin moy valtal;tontin rae kolkul;tontin moy siso;tontin moy siso;siso rae valtal;siso rae kolkul;tontin moy valtal;kolkul rae siso;kolkul moy valtal;kolkul rae tontin;tontin rae tontin rae siso;tontin rae valtal moy siso;valtal moy siso rae valtal;siso moy tontin rae valtal;kolkul rae siso rae siso;tontin rae tontin moy kolkul;siso moy kolkul rae siso;tontin moy valtal rae kolkul;valtal rae kolkul moy kolkul;valtal moy tontin moy tontin;valtal moy kolkul rae kolkul;valtal moy siso moy kolkul;siso rae tontin moy siso moy tontin;kolkul rae kolkul moy siso moy siso;tontin moy kolkul moy tontin rae tontin;valtal rae tontin rae kolkul moy kolkul;valtal moy kolkul moy valtal rae siso;siso moy kolkul moy valtal moy siso;tontin rae valtal rae valtal moy valtal;siso rae kolkul rae siso rae tontin;valtal rae tontin moy siso moy siso;valtal moy tontin moy kolkul rae kolkul;kolkul moy kolkul rae valtal rae valtal;tontin moy tontin rae valtal rae siso","right","atop","false"
"39","A34","G",2,9,"valtal;kolkul;siso;tontin;siso rae valtal;kolkul moy valtal;valtal moy tontin;kolkul rae tontin;siso moy tontin;tontin moy rae;valtal rae siso;kolkul rae siso;tontin moy valtal;siso rae kolkul;valtal moy kolkul;tontin rae kolkul;siso rae tontin tontin tontin;siso moy valtal rae tontin;siso moy valtal rae valtal;valtal rae tontin moy siso;siso rae kolkul siso siso;kolkul moy tontin rae tontin;siso kolkul moy siso kolkul;kolkul rae valtal moy tontin;kolkul moy kolkul rae valtal;tontin moy tontin moy valtal;kolkul rae kolkul moy valtal;kolkul moy siso moy valtal;tontin moy siso moy tontin rae siso;siso moy siso moy kolkul rae kolkul;tontin rae tontin moy kolkul moy tontin;kolkul moy kolkul rae tontin rae valtal;siso rae valtal moy kolkul moy valtal;siso moy valtal moy kolkul moy siso;moy valtal rae valtal rae tontin valtal;tontin rae siso rae kolkul rae siso;siso moy siso moy tontin rae valtal;kolkul rae kolkul moy tontin moy valtal;siso rae siso rae kolkul moy kolkul;siso rae valtal rae tontin moy tontin","left","under","false"
"45","A10","H",2,2,"sulsal;tinkin;kakan;volsol;sulsal rae tinkin;tinkin moy sulsal;sulsal moy volsol;tinkin rae volsol;tinkin moy volsol;volsol moy tinkin;sulsal rae kakan;tinkin rae kakan;volsol moy sulsal;tinkin rae kakan;sulsal moy tinkin;volsol rae tinkin;tinkin rae volsol rae volsol;tinkin sulsal rae volsol moy;tinkin moy volsol rae volsol;sulsal rae volsol tinkin rae;tinkin rae tinkin rae kakan;tinkin moy volsol rae rae;tinkin rae kakan moy kakan;tinkin rae sulsal moy volsol;tinkin moy tinkin rae sulsal;volsol rae volsol rae sulsal;tinkin rae tinkin rae sulsal;tinkin moy kakan moy sulsal;volsol moy kakan moy volsol rae kakan;kakan moy kakan moy tinkin rae tinkin;volsol rae volsol moy tinkin moy volsol;tinkin moy tinkin rae volsol rae sulsal;kakan rae sulsal moy tinkin moy sulsal;kakan moy sulsal moy tinkin moy kakan;sulsal moy sulsal rae sulsal rae volsol;volsol rae tinkin rae tinkin rae kakan;kakan moy kakan moy volsol rae sulsal;tinkin rae tinkin moy volsol moy sulsal;sulsal rae sulsal rae tinkin moy tinkin;tinkin rae sulsal rae volsol moy volsol","right","atop","false"
"51","A1","I",2,6,"soko;vilval;tulkul;kinsin;soko rae tulkul;vilval moy soko;soko moy kinsin;kinsin rae vilval;tulkul moy kinsin;kinsin moy tulkul;tulkul rae soko;tulkul rae vilval;soko moy kinsin;vilval rae tulkul;soko moy vilval;vilval rae kinsin;kinsin kinsin rae tulkul rae;kinsin rae soko moy tulkul;soko moy tulkul rae soko;kinsin moy tulkul rae soko;tulkul rae tulkul rae vilval;kinsin rae kinsin moy vilval;vilval rae tulkul moy tulkul;moy kinsin rae vilval soko;vilval moy vilval rae soko;kinsin moy kinsin moy soko;vilval rae vilval moy soko;vilval moy tulkul moy soko;kinsin moy tulkul moy tulkul rae kinsin;tulkul moy tulkul moy vilval rae vilval;moy vilval rae kinsin moy kinsin kinsin;soko rae kinsin rae vilval moy vilval;soko moy vilval moy soko rae tulkul;tulkul moy soko moy vilval moy tulkul;soko moy kinsin rae soko rae soko;tulkul rae rae tulkul rae kinsin tulkul;tulkul moy soko rae tulkul moy kinsin;vilval rae vilval moy kinsin moy soko;vilval rae soko rae soko moy vilval;kinsin moy kinsin rae soko rae tulkul","right","atop","false"
"57","A8","J",2,5,"toltul;vivin;sasan;koto;rae sasan toltul;moy vivin toltul;moy toltul koto;rae koto vivin;moy sasan koto;moy koto sasan;rae sasan toltul;rae sasan vivin;moy toltul koto;rae vivin sasan;moy toltul vivin;rae vivin koto;rae sasan koto koto rae;moy sasan rae toltul vivin;rae toltul sasan moy toltul;moy koto sasan rae toltul;rae vivin koto koto rae;moy vivin rae koto koto;rae koto sasan moy sasan;moy toltul koto rae vivin;rae toltul moy vivin vivin;rae koto koto toltul rae;rae toltul toltul moy toltul;moy vivin sasan moy toltul;moy koto sasan moy sasan koto rae;rae vivin moy sasan sasan vivin moy;moy koto vivin rae koto moy koto;rae toltul koto rae vivin vivin moy;moy toltul moy vivin moy toltul rae;moy sasan toltul moy vivin moy sasan;moy toltul rae koto toltul toltul rae;rae sasan vivin rae sasan koto rae;moy sasan rae toltul moy sasan koto;rae vivin vivin moy koto toltul moy;rae toltul toltul vivin moy vivin moy;moy koto koto rae toltul rae sasan","right","under","false"
"63","A9","K",2,4,"tuntul;vinkin;sosi;kanka;sosi rae tuntul;moy tuntul vinkin;moy kanka tuntul;rae kanka vinkin;moy kanka sosi;rae sosi tuntul;rae vinkin sosi;moy tuntul kanka;moy tuntul kanka;sosi rae tuntul;moy vinkin tuntul;rae vinkin kanka;rae sosi kanka kanka rae;rae kanka tuntul moy sosi;rae tuntul moy sosi tuntul;rae sosi kanka moy tuntul;rae vinkin sosi sosi rae;vinkin moy rae kanka kanka;moy sosi rae vinkin sosi;moy kanka tuntul rae vinkin;tuntul rae vinkin vinkin kanka;kanka moy kanka moy tuntul;vinkin rae vinkin moy tuntul;vinkin moy sosi moy tuntul;kanka moy sosi moy sosi rae kanka;vinkin rae sosi moy sosi moy vinkin;kanka moy vinkin rae kanka rae kanka;tuntul rae kanka rae vinkin moy vinkin;tuntul moy vinkin moy tuntul rae sosi;sosi moy tuntul moy vinkin moy sosi;tuntul moy kanka rae tuntul rae tuntul;sosi rae vinkin rae sosi rae kanka;sosi moy tuntul rae sosi moy kanka;vinkin rae vinkin moy kanka moy tuntul;vinkin rae tuntul rae tuntul moy vinkin;kanka moy kanka rae tuntul rae sosi","right","under","false"
"69","A16","L",2,0,"kilkul;vanva;tovo;sunsin;tovo rae kilkul;kilkul moy vanva;sunsin moy kilkul;vanva rae sunsin;sunsin moy tovo;tovo rae sunsin;kilkul rae tovo;vanva rae tovo;kilkul moy sunsin;tovo rae vanva;vanva moy kilkul;sunsin rae vanva;tovo rae sunsin rae sunsin;kilkul rae sunsin moy tovo;kilkul moy tovo rae kilkul;kilkul rae tovo moy sunsin;tovo rae tovo rae vanva;sunsin rae sunsin moy vanva;tovo moy tovo rae vanva;vanva rae sunsin moy kilkul;vanva moy vanva rae kilkul;kilkul moy sunsin moy sunsin;kilkul moy vanva rae vanva;kilkul moy tovo moy vanva;sunsin rae tovo moy tovo moy sunsin;vanva moy tovo moy tovo rae vanva;sunsin moy sunsin rae vanva moy sunsin;vanva moy vanva rae sunsin rae kilkul;tovo rae kilkul moy vanva moy kilkul;tovo moy vanva moy kilkul moy tovo;kilkul rae kilkul rae sunsin moy kilkul;sunsin rae tovo rae vanva rae tovo;sunsin moy tovo rae kilkul moy tovo;kilkul moy sunsin moy vanva rae vanva;vanva rae kilkul kilkul rae vanva moy;tovo rae kilkul rae sunsin moy sunsin","right","under","false"
"4","A31","A",3,7,"sisu;vinvi;konkan;tulsul;sisu rae konkan;vinvi moy sisu;sisu moy tulsul;vinvi rae tulsul;konkan moy tulsul;tulsul moy konkan;sisu rae konkan;vinvi rae konkan;tulsul moy sisu;konkan rae vinvi;sisu moy vinvi;tulsul rae vinvi;konkan rae tulsul rae tulsul;konkan moy tulsul sisu rae;sisu rae konkan moy sisu;tulsul moy konkan moy vinvi;vinvi rae konkan rae konkan;vinvi moy tulsul rae tulsul;vinvi rae konkan moy konkan;sisu moy konkan rae vinvi;sisu rae vinvi moy vinvi;tulsul moy tulsul moy sisu;vinvi rae vinvi moy sisu;vinvi moy konkan moy sisu;tulsul moy konkan moy konkan rae tulsul;vinvi rae konkan moy konkan moy vinvi;tulsul moy vinvi rae tulsul moy tulsul;sisu rae tulsul rae vinvi moy vinvi;sisu moy vinvi moy sisu rae konkan;konkan moy sisu moy vinvi moy konkan;sisu moy tulsul rae sisu rae sisu;konkan rae vinvi rae konkan rae tulsul;konkan moy sisu rae konkan moy tulsul;vinvi rae vinvi moy tulsul moy sisu;vinvi rae sisu rae sisu moy vinvi;tulsul moy tulsul rae sisu rae konkan","right","atop","false"
"10","A35","B",3,3,"vusu;tinkin;solson;kolkil;vusu rae solson;tinkin moy vusu;vusu moy kolkil;kolkil rae tinkin;solson moy kolkil;kolkil moy solson;solson rae vusu;solson rae tinkin;kolkil moy vusu;tinkin rae solson;vusu moy tinkin;tinkin rae kolkil;kolkil kolkil rae solson rae;kolkil rae vusu solson moy;solson moy vusu rae vusu;kolkil moy solson rae vusu;tinkin rae solson solson rae;tinkin moy kolkil kolkil rae;tinkin rae solson moy solson;vusu moy kolkil rae tinkin;vusu rae tinkin moy tinkin;kolkil kolkil moy vusu moy;solson rae solson moy vusu;tinkin moy solson moy vusu;kolkil moy solson moy solson rae kolkil;solson moy solson moy tinkin rae tinkin;kolkil moy tinkin rae kolkil moy kolkil;vusu rae kolkil rae tinkin moy tinkin;solson rae vusu kolkil vusu rae rae;solson moy vusu moy tinkin moy solson;vusu rae vusu rae kolkil moy vusu;kolkil rae solson rae tinkin rae solson;vusu rae solson moy kolkil moy solson;tinkin rae tinkin moy kolkil moy vusu;tinkin rae vusu rae vusu moy tinkin;kolkil moy kolkil rae vusu rae solson","left","atop","false"
"16","A2","C",3,1,"kuka;tultol;vinkin;solsil;kuka rae vinkin;tultol moy kuka;kuka moy solsil;solsil rae tultol;vinkin moy solsil;solsil moy vinkin;vinkin rae kuka;vinkin rae tultol;solsil moy kuka;tultol rae vinkin;kuka moy tultol;tultol rae solsil;solsil rae solsil rae vinkin;vinkin moy solsil rae kuka;kuka rae vinkin moy kuka;solsil moy vinkin rae kuka;tultol rae vinkin rae vinkin;tultol moy solsil rae solsil;tultol rae vinkin moy vinkin;kuka solsil rae tultol moy;kuka rae tultol moy tultol;solsil moy solsil moy kuka;tultol rae tultol moy kuka;tultol moy vinkin moy kuka;solsil moy vinkin moy vinkin rae solsil;tultol rae vinkin moy vinkin moy tultol;solsil moy tultol rae solsil moy solsil;kuka rae solsil rae tultol moy tultol;kuka moy tultol moy kuka rae vinkin;vinkin moy kuka moy tultol moy vinkin;kuka moy solsil rae kuka rae kuka;vinkin rae tultol rae vinkin rae solsil;vinkin moy kuka rae vinkin moy solsil;tultol rae tultol moy solsil moy kuka;tultol rae kuka rae kuka moy tultol;solsil moy solsil rae kuka rae vinkin","right","atop","false"
"22","A12","D",3,8,"titil;vuntun;silvil;kaku;silvil rae titil;vuntun moy titil;titil moy kaku;vuntun rae kaku;silvil moy kaku;silvil moy kaku;titil rae silvil;vuntun rae silvil;titil moy kaku;silvil rae vuntun;vuntun moy titil;kaku rae vuntun;silvil rae kaku rae kaku;titil rae kaku silvil moy;titil moy silvil rae titil;titil rae moy kaku silvil;silvil rae rae vuntun silvil;kaku rae kaku vuntun moy;silvil rae vuntun moy silvil;vuntun rae titil moy kaku;vuntun moy vuntun rae titil;kaku moy kaku moy titil;vuntun rae vuntun moy titil;vuntun moy silvil moy titil;kaku moy silvil moy kaku rae silvil;silvil moy silvil moy vuntun rae vuntun;kaku rae kaku moy vuntun moy kaku;vuntun moy vuntun rae kaku kaku titil;silvil rae titil moy vuntun moy titil;silvil moy titil moy vuntun moy silvil;silvil rae silvil rae kaku moy titil;kaku rae silvil rae vuntun rae silvil;silvil moy kaku rae titil moy silvil;vuntun rae vuntun moy kaku moy titil;titil rae titil rae vuntun moy vuntun;silvil rae titil rae kaku moy kaku","right","atop","false"
"28","A25","E",3,6,"soko;vilval;tulkul;kinsin;soko moy tulkul;soko moy vilval;kinsin moy soko;kinsin rae vilval;kinsin moy tulkul;tulkul moy kinsin;tulkul moy soko;tulkul rae vilval;soko moy kinsin;vilval rae tulkul;vilval moy soko;vilval rae kinsin;kinsin rae kinsin rae tulkul;kinsin rae soko moy tulkul;soko moy soko moy tulkul;tulkul moy kinsin rae soko;vilval rae tulkul rae tulkul;kinsin rae kinsin moy vilval;tulkul moy vilval rae tulkul;kinsin moy soko rae vilval;soko rae vilval moy vilval;soko moy kinsin moy kinsin;soko moy vilval rae vilval;soko moy tulkul moy vilval;tulkul rae vilval moy kinsin moy kinsin;vilval rae vilval moy tulkul moy tulkul;kinsin moy kinsin rae vilval moy kinsin;soko rae kinsin rae vilval moy vilval;soko moy vilval moy soko rae tulkul;tulkul moy vilval moy soko moy tulkul;kinsin rae soko rae soko moy soko;tulkul rae vilval moy rae kinsin kinsin;soko rae kinsin moy tulkul moy tulkul;soko moy kinsin moy vilval rae vilval;vilval moy vilval rae soko rae soko;kinsin moy kinsin rae soko moy tulkul","right","atop","false"
"34","A14","F",3,9,"valtal;kolkul;siso;tontin;valtal rae siso;valtal moy kolkul;tontin moy valtal;tontin rae kolkul;tontin moy siso;siso moy tontin;siso rae valtal;siso rae kolkul;valtal moy tontin;kolkul rae siso;kolkul moy valtal;kolkul rae tontin;tontin rae tontin rae siso;tontin rae valtal moy siso;valtal moy siso rae valtal;siso rae tontin moy valtal;tontin rae siso rae siso;tontin rae tontin moy kolkul;siso moy kolkul rae siso;tontin moy valtal rae kolkul;valtal rae kolkul moy kolkul;valtal moy tontin moy tontin;valtal moy tontin rae tontin;valtal moy siso moy tontin;siso rae tontin moy siso moy tontin;kolkul rae kolkul moy siso moy siso;tontin moy kolkul moy tontin rae tontin;valtal rae tontin rae kolkul moy kolkul;valtal moy kolkul moy valtal rae siso;siso moy kolkul moy valtal moy siso;tontin rae valtal rae valtal moy valtal;siso rae kolkul rae siso rae tontin;valtal rae tontin moy siso moy siso;valtal moy tontin moy kolkul rae kolkul;kolkul moy kolkul rae valtal rae valtal;tontin moy tontin rae valtal rae siso","right","atop","false"
"40","A43","G",3,9,"valtal;kolkul;siso;tontin;siso rae valtal;kolkul moy valtal;valtal moy tontin;kolkul rae tontin;siso moy tontin;tontin moy siso;valtal rae siso;kolkul rae siso;tontin moy valtal;siso rae kolkul;valtal moy kolkul;tontin rae kolkul;siso rae tontin tontin tontin;siso moy valtal rae tontin;siso moy valtal rae valtal;valtal rae tontin moy siso;siso rae siso rae kolkul;kolkul moy tontin rae tontin;siso moy kolkul siso siso;kolkul rae valtal moy tontin;kolkul moy valtal rae kolkul;tontin tontin moy valtal valtal;kolkul kolkul moy valtal kolkul;kolkul siso moy valtal valtal;tontin siso moy siso rae tontin tontin;siso siso siso moy valtal rae kolkul;tontin kolkul moy tontin moy tontin tontin;kolkul kolkul kolkul rae tontin rae valtal;siso rae valtal kolkul moy valtal valtal;siso moy valtal moy kolkul moy siso;valtal moy tontin valtal rae valtal valtal;tontin rae siso rae kolkul rae siso;siso siso moy siso tontin rae valtal;kolkul kolkul moy tontin moy valtal valtal;valtal valtal rae kolkul moy kolkul kolkul;siso rae valtal rae tontin tontin tontin","left","under","false"
"46","A32","H",3,2,"sulsal;tinkin;kakan;volsol;kakan rae sulsal;tinkin moy sulsal;sulsal sulsal moy;tinkin rae volsol;kakan moy volsol;volsol moy kakan;sulsal rae kakan;tinkin rae kakan;volsol moy sulsal;kakan rae tinkin;sulsal moy tinkin;volsol rae tinkin;kakan volsol rae rae volsol;kakan moy sulsal rae volsol;kakan sulsal rae sulsal rae;sulsal rae volsol moy kakan;kakan rae kakan rae tinkin;tinkin moy volsol rae volsol;kakan rae tinkin moy kakan;tinkin rae sulsal moy volsol;tinkin moy tinkin rae sulsal;volsol moy volsol moy sulsal;tinkin rae tinkin moy sulsal;tinkin moy kakan moy sulsal;volsol moy kakan moy volsol rae kakan;kakan moy kakan moy tinkin rae tinkin;volsol rae volsol moy tinkin moy volsol;tinkin moy tinkin rae volsol rae sulsal;kakan rae sulsal moy tinkin moy sulsal;kakan moy sulsal moy tinkin moy kakan;sulsal moy sulsal rae sulsal rae volsol;volsol rae kakan rae tinkin rae kakan;kakan moy kakan volsol rae sulsal rae;tinkin rae tinkin moy volsol moy sulsal;sulsal rae sulsal rae tinkin moy tinkin;kakan rae sulsal rae volsol moy volsol","right","atop","false"
"52","A39","I",3,6,"soko;vilval;tulkul;kinsin;soko rae tulkul;vilval moy soko;soko moy kinsin;kinsin rae vilval;tulkul moy kinsin;kinsin moy tulkul;tulkul rae soko;tulkul rae vilval;kinsin moy soko;vilval rae tulkul;soko moy vilval;vilval rae kinsin;kinsin kinsin rae tulkul rae;kinsin rae soko moy tulkul;soko moy tulkul rae soko;kinsin moy tulkul rae soko;tulkul rae tulkul rae vilval;kinsin rae kinsin moy vilval;vilval rae tulkul moy tulkul;moy kinsin rae vilval soko;vilval moy vilval rae soko;kinsin moy kinsin moy soko;vilval rae vilval moy soko;vilval moy tulkul moy soko;kinsin moy tulkul moy kinsin rae tulkul;tulkul moy tulkul moy vilval rae vilval;kinsin moy kinsin rae kinsin rae vilval;vilval moy vilval rae kinsin rae soko;tulkul rae soko rae vilval rae soko;tulkul moy soko moy vilval moy tulkul;soko rae soko rae kinsin moy soko;kinsin rae tulkul rae vilval rae tulkul;tulkul moy tulkul rae kinsin rae soko;vilval rae vilval moy kinsin moy soko;soko rae soko rae vilval moy vilval;rae kinsin moy kinsin rae soko tulkul","right","atop","false"
"58","A54","J",3,5,"toltul;vivin;sasan;koto;rae toltul sasan;moy toltul vivin;moy koto toltul;rae koto sasan;moy koto vivin;moy vivin koto;rae toltul vivin;rae sasan vivin;moy toltul koto;rae sasan vivin;moy vivin toltul;rae koto sasan;rae vivin koto koto rae;moy sasan rae toltul koto;rae toltul moy toltul sasan;moy vivin koto rae toltul;rae vivin sasan sasan rae;moy vivin koto koto rae;rae sasan vivin moy vivin;moy koto toltul rae vivin;rae toltul sasan sasan moy;moy koto koto toltul moy;rae vivin vivin moy toltul;moy sasan vivin toltul moy;moy koto sasan moy sasan koto rae;vivin moy sasan sasan rae vivin moy;moy sasan koto rae koto koto moy;rae toltul koto rae sasan sasan moy;rae toltul sasan toltul rae vivin moy;moy toltul vivin moy vivin sasan moy;moy toltul rae toltul toltul koto rae;rae sasan vivin sasan koto rae rae;moy vivin rae toltul rae koto vivin;rae sasan sasan moy toltul koto moy;rae sasan toltul toltul rae sasan moy;moy koto koto rae toltul vivin rae","right","under","false"
"64","A41","K",3,4,"tuntul;vinkin;sosi;kanka;rae sosi tuntul;moy tuntul vinkin;moy kanka tuntul;rae vinkin kanka;moy kanka sosi;moy sosi kanka;rae tuntul sosi;rae vinkin sosi;moy tuntul kanka;rae sosi vinkin;moy vinkin tuntul;rae kanka vinkin;rae sosi rae kanka kanka;moy sosi rae tuntul kanka;rae tuntul moy tuntul sosi;rae tuntul moy sosi kanka;rae sosi rae sosi vinkin;rae kanka kanka moy vinkin;rae sosi vinkin moy sosi;rae vinkin moy kanka tuntul;moy vinkin vinkin rae tuntul;moy kanka kanka moy tuntul;moy tuntul rae vinkin vinkin;moy tuntul moy sosi vinkin;moy sosi kanka rae kanka sosi moy;moy sosi sosi moy vinkin rae vinkin;rae kanka moy vinkin kanka moy kanka;moy vinkin vinkin rae kanka rae tuntul;rae sosi rae vinkin tuntul moy tuntul;moy sosi moy vinkin moy tuntul sosi;rae tuntul rae tuntul kanka moy tuntul;rae kanka rae sosi rae vinkin rae;moy sosi moy kanka sosi rae tuntul;moy tuntul kanka moy vinkin rae vinkin;moy vinkin rae tuntul rae tuntul vinkin;rae sosi rae tuntul moy kanka kanka","right","under","false"
"70","A6","L",3,0,"kilkul;vanva;tovo;sunsin;tovo rae kilkul;kilkul moy vanva;sunsin moy kilkul;vanva rae sunsin;sunsin moy tovo;tovo rae sunsin;kilkul rae tovo;vanva moy kilkul;kilkul rae sunsin;rae tovo vanva;vanva moy kilkul;sunsin rae vanva;tovo rae sunsin rae sunsin;kilkul rae sunsin moy tovo;kilkul moy tovo rae kilkul;kilkul rae tovo moy sunsin;tovo rae tovo rae vanva;sunsin rae sunsin moy vanva;tovo moy tovo rae vanva;vanva rae sunsin moy kilkul;vanva moy vanva rae kilkul;kilkul moy sunsin moy sunsin;kilkul moy vanva rae vanva;kilkul moy tovo moy vanva;sunsin rae tovo moy tovo moy sunsin;vanva moy tovo moy tovo rae vanva;sunsin moy sunsin rae vanva moy sunsin;vanva moy vanva rae sunsin rae kilkul;tovo rae kilkul moy vanva moy kilkul;tovo moy vanva moy kilkul moy tovo;kilkul rae kilkul rae sunsin moy kilkul;sunsin rae tovo rae vanva tovo rae;sunsin moy tovo rae kilkul moy tovo;kilkul moy sunsin moy vanva rae vanva;vanva moy kilkul rae kilkul rae vanva;tovo rae kilkul rae sunsin moy sunsin","right","under","false"
"5","A33","A",4,7,"sisu;vinvi;konkan;tulsul;sisu rae konkan;vinvi moy sisu;sisu moy tulsul;tulsul rae vinvi;konkan moy tulsul;tulsul moy konkan;konkan rae sisu;konkan rae vinvi;tulsul moy sisu;vinvi rae konkan;sisu moy vinvi;vinvi rae tulsul;konkan rae tulsul rae tulsul;konkan moy sisu rae tulsul;konkan moy sisu rae sisu;tulsul moy konkan rae sisu;konkan rae konkan rae vinvi;vinvi moy tulsul rae tulsul;konkan moy rae vinvi konkan;vinvi rae sisu moy tulsul;vinvi moy vinvi rae sisu;tulsul moy tulsul moy sisu;vinvi rae vinvi moy sisu;vinvi moy konkan moy sisu;tulsul moy konkan moy vinvi rae konkan;konkan moy konkan moy vinvi rae vinvi;tulsul rae tulsul moy vinvi moy tulsul;vinvi moy vinvi rae tulsul rae sisu;konkan rae sisu moy vinvi moy sisu;konkan moy sisu moy vinvi moy konkan;sisu moy sisu rae sisu rae tulsul;tulsul rae konkan rae vinvi rae konkan;konkan moy konkan moy tulsul rae sisu;vinvi rae vinvi moy tulsul moy sisu;sisu rae sisu rae vinvi moy vinvi;konkan rae sisu rae tulsul moy tulsul","right","atop","false"
"11","A55","B",4,3,"vusu;tinkin;solson;kolkil;rae vusu solson;tinkin moy vusu;vusu moy kolkil;kolkil rae tinkin;solson moy kolkil;kolkil moy solson;solson rae vusu;solson rae tinkin;kolkil moy vusu;tinkin rae solson;vusu moy tinkin;tinkin rae kolkil;kolkil kolkil rae solson rae;solson moy kolkil rae vusu;vusu rae solson moy vusu;kolkil moy solson rae vusu;tinkin rae solson rae solson;tinkin moy kolkil rae kolkil;tinkin rae solson moy solson;vusu moy kolkil rae tinkin;vusu rae tinkin moy tinkin;kolkil moy kolkil moy vusu;tinkin rae tinkin moy vusu;tinkin moy solson moy vusu;kolkil moy solson moy solson rae kolkil;tinkin rae solson moy solson moy tinkin;kolkil moy tinkin moy kolkil moy kolkil;vusu rae kolkil rae tinkin moy tinkin;vusu moy tinkin moy vusu rae solson;solson moy vusu moy tinkin moy solson;vusu moy kolkil rae vusu rae vusu;solson rae solson rae kolkil vusu tinkin;solson moy vusu rae solson kolkil moy;tinkin rae tinkin moy kolkil moy vusu;tinkin rae vusu rae vusu moy tinkin;kolkil moy kolkil rae vusu moy solson","left","atop","false"
"17","A13","C",4,1,"kuka;vinkin;tultol;solsil;kuka rae vinkin;solsil moy kuka;kuka moy solsil;solsil rae vinkin;tultol moy solsil;solsil moy tultol;vinkin rae kuka;tultol rae solsil;solsil moy kuka;vinkin rae tultol;kuka moy solsil;solsil rae solsil;tultol rae solsil rae solsil;solsil rae kuka moy tultol;kuka rae kuka moy tultol;solsil moy tultol rae kuka;solsil rae tultol rae tultol;vinkin moy solsil rae solsil;solsil rae tultol moy tultol;kuka moy solsil rae vinkin;kuka rae solsil moy solsil;solsil moy solsil moy kuka;vinkin rae vinkin moy kuka;vinkin moy tultol moy kuka;tultol moy solsil moy tultol rae solsil;vinkin rae tultol moy tultol moy vinkin;vinkin moy solsil rae solsil moy solsil;kuka rae solsil rae vinkin moy vinkin;kuka moy vinkin moy kuka rae tultol;tultol moy kuka moy vinkin moy tultol;kuka moy solsil rae kuka rae kuka;tultol rae vinkin rae tultol rae solsil;tultol moy kuka rae tultol moy solsil;vinkin rae vinkin moy solsil moy kuka;vinkin rae kuka rae kuka moy vinkin;solsil moy solsil rae kuka rae tultol","right","atop","false"
"23","A27","D",4,8,"titil;vuntun;silvil;kaku;silvil rae titil;silvil moy vuntun;kaku moy titil;vuntun rae kaku;kaku moy silvil;silvil moy kaku;titil rae silvil;vuntun rae silvil;titil moy kaku;silvil rae vuntun;vuntun moy titil;kaku rae vuntun;kaku rae kaku rae silvil;titil rae kaku moy silvil;titil moy silvil rae titil;silvil rae kaku rae titil;silvil rae vuntun rae silvil;kaku rae kaku moy vuntun;silvil moy silvil rae vuntun;vuntun rae kaku moy titil;vuntun moy vuntun rae titil;titil moy kaku moy kaku;titil moy vuntun rae vuntun;titil moy silvil moy vuntun;kaku rae silvil moy silvil moy kaku;vuntun moy silvil moy silvil rae vuntun;kaku moy vuntun moy kaku rae kaku;vuntun vuntun rae kaku rae titil rae;silvil rae titil moy vuntun moy titil;silvil moy vuntun moy titil moy silvil;titil rae titil rae kaku moy titil;kaku rae silvil rae vuntun rae silvil;moy kaku silvil rae titil moy silvil;silvil moy kaku moy vuntun vuntun rae;vuntun moy rae vuntun rae titil titil;silvil rae titil rae moy kaku kaku","right","under","false"
"29","A22","E",4,6,"soko;vilval;tulkul;kinsin;soko rae tulkul;soko moy vilval;kinsin moy soko;kinsin rae vilval;kinsin moy tulkul;tulkul moy kinsin;tulkul rae soko;tulkul rae vilval;soko moy kinsin;vilval rae tulkul;vilval moy soko;vilval rae kinsin;kinsin rae kinsin rae tulkul;kinsin rae soko moy tulkul;soko rae soko moy tulkul;tulkul moy kinsin rae soko;vilval rae tulkul rae tulkul;kinsin rae kinsin moy vilval;tulkul moy vilval rae tulkul;kinsin moy soko rae vilval;soko rae vilval moy vilval;soko moy kinsin moy kinsin;soko moy vilval rae vilval;soko moy tulkul moy vilval;tulkul rae kinsin moy tulkul moy kinsin;vilval rae vilval moy tulkul moy tulkul;vilval moy kinsin rae kinsin moy kinsin;soko rae kinsin rae vilval moy vilval;soko moy vilval moy soko rae tulkul;tulkul moy vilval moy soko moy tulkul;kinsin rae soko rae soko moy soko;tulkul rae vilval rae tulkul rae kinsin;soko rae kinsin moy tulkul moy tulkul;soko moy kinsin moy vilval rae vilval;vilval moy vilval rae soko rae soko;kinsin moy kinsin rae soko rae tulkul","right","atop","false"
"35","A21","F",4,9,"valtal;kolkul;siso;tontin;valtal rae siso;valtal moy kolkul;siso moy valtal;siso rae kolkul;tontin moy siso;siso moy tontin;siso rae valtal;siso rae kolkul;valtal moy tontin;kolkul rae siso;kolkul moy valtal;kolkul rae tontin;tontin rae tontin siso siso;tontin rae valtal moy siso;valtal rae valtal moy siso;siso moy tontin rae valtal;kolkul rae siso rae siso;tontin rae tontin moy kolkul;siso moy kolkul rae siso;tontin moy valtal rae kolkul;valtal rae kolkul moy kolkul;valtal moy tontin moy tontin;valtal moy kolkul rae kolkul;valtal moy siso moy kolkul;siso rae tontin moy siso moy tontin;kolkul rae kolkul moy siso moy siso;tontin moy kolkul moy tontin rae tontin;valtal rae tontin rae kolkul moy kolkul;valtal moy kolkul moy valtal rae siso;siso moy kolkul moy valtal moy siso;tontin rae valtal rae valtal moy valtal;siso rae kolkul rae siso rae tontin;tontin moy siso rae valtal moy siso;valtal moy tontin moy kolkul rae kolkul;kolkul moy kolkul rae valtal rae valtal;tontin moy tontin rae valtal rae siso","right","atop","false"
"41","A24","G",4,9,"valtal;kolkul;siso;tontin;siso rae valtal;kolkul moy valtal;valtal moy tontin;kolkul rae tontin;siso moy tontin;tontin moy siso;valtal rae siso;kolkul rae siso;tontin moy valtal;siso rae kolkul;valtal moy kolkul;tontin rae kolkul;siso rae tontin tontin tontin;siso moy valtal rae tontin;siso moy valtal rae valtal;valtal rae tontin moy siso;siso rae siso rae kolkul;kolkul moy tontin rae tontin;siso rae kolkul moy siso;kolkul rae valtal moy tontin;kolkul moy kolkul rae valtal;tontin moy tontin moy valtal;kolkul rae kolkul moy valtal;kolkul moy siso moy valtal;tontin moy siso moy tontin rae siso;siso moy siso moy kolkul rae kolkul;tontin tontin rae tontin moy kolkul valtal;kolkul moy kolkul rae tontin rae valtal;siso rae valtal moy kolkul moy valtal;siso moy valtal moy kolkul moy siso;valtal moy valtal rae valtal rae tontin;tontin rae siso rae kolkul rae siso;siso moy siso moy tontin rae valtal;kolkul rae kolkul moy tontin moy valtal;valtal rae valtal rae kolkul moy kolkul;siso rae valtal rae tontin moy tontin","left","under","false"
"47","A52","H",4,2,"sulsal;tinkin;kakan;volsol;kakan rae sulsal;tinkin moy sulsal;sulsal moy volsol;tinkin rae volsol;kakan moy volsol;volsol moy kakan;sulsal rae kakan;tinkin rae kakan;volsol moy sulsal;kakan rae tinkin;sulsal moy tinkin;volsol rae tinkin;kakan volsol rae rae volsol;kakan moy sulsal rae volsol;kakan sulsal rae sulsal rae;sulsal rae volsol moy kakan;kakan rae kakan rae tinkin;tinkin moy volsol rae volsol;kakan rae tinkin moy tinkin;tinkin rae sulsal moy volsol;tinkin moy tinkin rae sulsal;volsol moy volsol moy sulsal;tinkin rae tinkin moy sulsal;tinkin moy kakan moy sulsal;volsol moy kakan moy volsol rae kakan;kakan moy kakan moy tinkin rae tinkin;volsol rae volsol moy tinkin moy volsol;tinkin moy tinkin rae volsol rae sulsal;kakan rae sulsal moy tinkin moy sulsal;kakan moy sulsal moy tinkin moy kakan;sulsal moy sulsal rae sulsal rae volsol;volsol rae kakan rae tinkin rae kakan;kakan moy kakan moy volsol rae sulsal;tinkin rae tinkin moy volsol moy sulsal;sulsal rae sulsal rae tinkin moy tinkin;kakan rae sulsal rae volsol volsol moy","left","under","false"
"53","A42","I",4,6,"soko;vilval;tulkul;kinsin;soko rae tulkul;vilval moy soko;soko moy kinsin;kinsin rae vilval;tulkul moy kinsin;kinsin moy tulkul;tulkul rae soko;tulkul rae vilval;kinsin moy soko;vilval rae tulkul;soko moy vilval;vilval rae kinsin;kinsin kinsin rae tulkul rae;tulkul moy kinsin rae soko;tulkul moy soko rae soko;kinsin moy tulkul rae soko;tulkul rae tulkul rae vilval;vilval moy kinsin rae kinsin;tulkul rae vilval moy tulkul;vilval rae soko moy kinsin;vilval moy vilval rae soko;kinsin moy kinsin moy soko;vilval rae vilval moy soko;vilval moy tulkul moy soko;kinsin moy tulkul moy kinsin rae tulkul;tulkul moy tulkul moy vilval rae vilval;kinsin rae kinsin moy vilval moy kinsin;vilval moy vilval rae kinsin rae soko;tulkul rae soko moy kinsin moy soko;tulkul moy soko moy vilval moy tulkul;soko moy soko rae soko rae kinsin;kinsin rae tulkul rae vilval rae tulkul;tulkul moy tulkul moy kinsin rae soko;vilval rae vilval moy kinsin moy soko;soko rae soko rae vilval moy vilval;tulkul rae soko rae kinsin moy kinsin","right","atop","false"
"59","A38","J",4,5,"toltul;vivin;sasan;koto;sasan rae toltul;vivin moy toltul;koto rae toltul;vivin rae koto;koto moy sasan;sasan moy koto;toltul rae sasan;vivin rae sasan;toltul moy koto;sasan rae vivin;vivin moy toltul;koto rae vivin;rae sasan rae toltul rae;moy sasan rae koto toltul;toltul moy toltul rae toltul;rae toltul koto moy sasan;rae sasan rae sasan rae;moy vivin koto rae koto;sasan rae vivin moy sasan;rae vivin moy koto toltul;moy vivin vivin rae toltul;toltul rae koto koto rae;moy toltul rae vivin vivin;moy toltul moy sasan vivin;rae sasan koto moy sasan koto moy;rae sasan sasan vivin moy sasan rae;moy toltul koto rae koto vivin rae;rae vivin vivin rae koto rae toltul;rae sasan toltul moy vivin moy toltul;moy sasan moy vivin moy toltul moy;moy toltul rae toltul koto toltul moy;koto rae sasan rae vivin rae sasan;rae sasan koto toltul moy sasan rae;toltul moy koto rae vivin vivin moy;moy vivin rae toltul toltul vivin rae;rae sasan rae toltul toltul toltul moy","right","under","false"
"65","A26","K",4,4,"tuntul;vinkin;sosi;kanka;rae sosi tuntul;moy tuntul vinkin;moy kanka tuntul;rae vinkin kanka;rae moy kanka;moy sosi kanka;rae tuntul sosi;rae vinkin sosi;moy tuntul kanka;rae sosi vinkin;moy vinkin tuntul;rae kanka vinkin;rae sosi rae kanka kanka;rae tuntul kanka moy sosi;rae tuntul sosi rae tuntul;rae tuntul moy sosi kanka;rae sosi rae sosi vinkin;moy kanka kanka moy vinkin;moy sosi rae sosi vinkin;rae vinkin moy kanka tuntul;moy vinkin vinkin rae tuntul;moy tuntul kanka kanka kanka;moy tuntul rae vinkin vinkin;moy tuntul moy sosi vinkin;moy kanka rae sosi moy sosi kanka;rae vinkin moy sosi sosi rae vinkin;rae moy kanka rae kanka vinkin kanka;rae vinkin vinkin rae kanka rae tuntul;rae sosi moy tuntul vinkin tuntul vinkin;rae sosi rae vinkin rae tuntul sosi;moy tuntul rae tuntul kanka tuntul tuntul;rae kanka rae sosi rae vinkin sosi;moy kanka sosi rae tuntul moy sosi;moy tuntul kanka moy vinkin rae vinkin;moy vinkin moy tuntul rae tuntul vinkin;rae sosi rae tuntul moy kanka kanka","right","under","false"
"71","A29","L",4,0,"kilkul;vanva;tovo;sunsin;kilkul rae tovo;kilkul moy vanva;sunsin moy kilkul;sunsin rae vanva;tovo moy vanva;tovo moy sunsin;tovo rae kilkul;tovo rae vanva;kilkul moy sunsin;vanva rae tovo;kilkul moy vanva;vanva rae sunsin;sunsin rae sunsin rae tovo;sunsin rae kilkul moy tovo;sunsin rae kilkul moy tovo;tovo moy sunsin rae kilkul;vanva rae tovo rae tovo;sunsin rae sunsin moy vanva;tovo moy vanva rae tovo;sunsin moy kilkul rae vanva;kilkul rae vanva moy vanva;kilkul moy sunsin moy sunsin;kilkul moy sunsin rae vanva;kilkul moy tovo moy vanva;tovo rae sunsin moy tovo moy sunsin;vanva rae vanva moy tovo moy tovo;kilkul moy vanva moy sunsin rae sunsin;kilkul rae sunsin rae vanva moy vanva;kilkul moy vanva moy kilkul rae tovo;tovo moy vanva moy kilkul moy tovo;sunsin rae kilkul rae kilkul moy kilkul;tovo rae vanva rae tovo rae sunsin;kilkul rae sunsin moy tovo moy tovo;kilkul moy sunsin moy vanva rae vanva;vanva moy vanva rae kilkul rae kilkul;sunsin moy sunsin rae kilkul rae tovo","right","atop","false"
"6","A18","A",5,7,"sisu;vinvi;konkan;tulsul;konkan rae sisu;vinvi moy sisu;sisu moy tulsul;vinvi rae tulsul;konkan moy tulsul;tulsul moy konkan;sisu rae konkan;konkan rae vinvi;tulsul moy sisu;vinvi rae konkan;sisu moy vinvi;vinvi rae tulsul;konkan rae tulsul rae tulsul;konkan moy sisu rae tulsul;konkan moy sisu rae sisu;tulsul moy konkan rae sisu;konkan rae konkan rae vinvi;vinvi moy tulsul rae tulsul;konkan moy rae vinvi konkan;vinvi rae sisu moy tulsul;vinvi moy vinvi rae sisu;tulsul moy tulsul moy sisu;vinvi rae vinvi moy sisu;vinvi moy konkan moy sisu;tulsul moy konkan moy tulsul rae konkan;konkan moy konkan moy vinvi rae vinvi;tulsul moy vinvi rae tulsul moy tulsul;vinvi moy vinvi rae tulsul rae sisu;konkan rae sisu moy vinvi moy sisu;konkan moy sisu moy vinvi moy konkan;sisu moy sisu rae sisu rae tulsul;tulsul rae konkan rae vinvi rae konkan;konkan moy konkan moy tulsul rae sisu;vinvi rae vinvi moy tulsul moy sisu;vinvi rae sisu rae sisu moy vinvi;tulsul rae tulsul rae sisu rae konkan","right","atop","false"
"12","A57","B",5,3,"vusu;tinkin;solson;kolkil;vusu rae tinkin;tinkin moy vusu;vusu moy kolkil;kolkil rae tinkin;solson moy kolkil;kolkil moy solson;solson rae vusu;solson rae tinkin;kolkil moy vusu;tinkin rae solson;vusu moy tinkin;tinkin rae kolkil;kolkil rae kolkil rae solson;solson moy kolkil rae vusu;vusu rae solson moy vusu;kolkil moy solson rae vusu;tinkin rae solson rae solson;tinkin moy kolkil rae kolkil;tinkin rae solson moy solson;vusu moy kolkil rae tinkin;vusu rae tinkin moy tinkin;kolkil moy kolkil moy vusu;tinkin rae tinkin moy vusu;tinkin moy solson moy vusu;kolkil moy solson moy solson rae kolkil;kolkil rae solson vusu solson kolkil kolkil;kolkil moy tinkin rae kolkil moy kolkil;vusu rae kolkil rae tinkin moy tinkin;vusu moy tinkin moy vusu rae solson;solson moy vusu moy tinkin moy solson;vusu moy kolkil rae kolkil rae vusu;solson rae tinkin rae solson rae kolkil;solson moy vusu rae solson moy kolkil;tinkin rae tinkin moy kolkil moy vusu;tinkin rae vusu rae vusu moy tinkin;kolkil moy kolkil rae vusu rae solson","left","atop","false"
"18","A56","C",5,1,"kuka;vinkin;tultol;solsil;kuka rae tultol;kuka rae vinkin;solsil moy kuka;solsil rae vinkin;solsil moy vinkin;solsil moy tultol;tultol rae kuka;tultol rae vinkin;kuka moy solsil;vinkin rae tultol;vinkin moy kuka;vinkin rae solsil;solsil rae solsil rae tultol;vinkin moy solsil rae kuka;tultol rae kuka rae kuka;tultol moy solsil rae kuka;vinkin rae tultol rae tultol;solsil rae solsil moy vinkin;tultol moy vinkin rae tultol;solsil moy kuka moy vinkin;kuka moy vinkin rae vinkin;kuka moy solsil moy solsil;kuka moy vinkin rae vinkin;kuka moy tultol moy vinkin;tultol rae rae solsil moy tultol moy;vinkin rae vinkin moy tultol moy tultol;solsil moy solsil vinkin rae solsil rae;kuka rae solsil rae vinkin moy vinkin;kuka moy vinkin moy kuka rae tultol;tultol moy vinkin moy kuka moy tultol;solsil rae kuka rae kuka moy kuka;tultol rae vinkin tultol rae solsil rae;kuka rae solsil solsil moy tultol moy;kuka moy solsil moy vinkin rae vinkin;vinkin moy vinkin rae kuka rae kuka;solsil moy solsil rae kuka rae tultol","right","atop","false"
"24","A17","D",5,8,"titil;vuntun;silvil;kaku;rae silvil titil;titil moy vuntun;kaku moy titil;vuntun rae kaku;kaku moy silvil;silvil moy kaku;titil rae silvil;vuntun rae silvil;titil moy kaku;silvil rae vuntun;vuntun moy titil;kaku rae vuntun;silvil rae kaku kaku kaku;titil rae kaku moy silvil;titil moy silvil rae titil;titil rae silvil moy kaku;silvil rae silvil rae vuntun;kaku rae kaku moy vuntun;silvil moy silvil rae vuntun;vuntun rae kaku moy titil;vuntun moy vuntun rae titil;titil moy kaku moy kaku;titil moy vuntun rae vuntun;titil moy silvil moy vuntun;kaku rae silvil moy silvil moy kaku;vuntun moy silvil moy silvil rae vuntun;kaku moy kaku rae vuntun moy kaku;vuntun moy vuntun rae kaku rae titil;silvil rae titil moy vuntun moy titil;silvil moy vuntun moy titil moy silvil;titil rae titil rae kaku moy titil;kaku rae silvil rae vuntun rae silvil;kaku moy silvil rae titil moy silvil;titil moy kaku moy vuntun rae vuntun;vuntun moy titil rae titil rae vuntun;silvil rae titil rae kaku moy kaku","right","under","false"
"30","A28","E",5,6,"soko;vilval;tulkul;kinsin;soko rae tulkul;soko moy vilval;kinsin moy soko;kinsin rae vilval;kinsin moy tulkul;tulkul moy kinsin;tulkul rae soko;tulkul rae vilval;soko moy kinsin;vilval rae tulkul;vilval moy soko;vilval rae soko;kinsin rae kinsin rae tulkul;kinsin rae soko moy tulkul;soko rae soko moy tulkul;tulkul moy kinsin rae soko;vilval rae tulkul rae tulkul;kinsin rae kinsin moy vilval;tulkul moy vilval rae tulkul;kinsin moy soko rae vilval;soko rae vilval moy vilval;soko moy kinsin moy kinsin;soko moy vilval rae vilval;soko moy tulkul moy vilval;tulkul rae kinsin moy tulkul moy kinsin;vilval rae vilval moy tulkul moy tulkul;kinsin moy vilval moy kinsin rae kinsin;soko rae kinsin rae vilval moy vilval;soko moy vilval moy soko rae tulkul;tulkul moy vilval moy soko moy tulkul;kinsin rae soko rae soko moy soko;tulkul rae vilval rae tulkul rae kinsin;soko rae kinsin moy tulkul moy tulkul;soko moy kinsin moy vilval rae vilval;vilval moy vilval rae soko rae soko;kinsin moy kinsin rae soko rae tulkul","right","atop","false"
"36","A3","F",5,9,"valtal;kolkul;siso;tontin;valtal valtal valtal;moy moy moy;moy valtal moy;tontin tontin tontin;moy tontin siso;siso tontin moy;siso rae kolkul;siso rae valtal;kolkul moy tontin;kolkul rae siso;kolkul moy valtal;kolkul rae tontin;tontin tontin rae siso siso;tontin rae valtal moy siso;valtal rae valtal siso valtal;tontin siso siso siso rae;kolkul rae siso siso rae;tontin rae tontin moy kolkul;siso rae kolkul rae siso;kolkul moy tontin rae kolkul;kolkul moy moy valtal moy;kolkul moy kolkul moy valtal;kolkul rae kolkul moy valtal;kolkul rae siso rae valtal;siso moy tontin rae tontin tontin moy;kolkul rae siso moy siso siso moy;tontin moy kolkul rae tontin moy tontin;valtal rae tontin rae kolkul moy kolkul;valtal moy kolkul moy valtal rae tontin;siso moy valtal moy kolkul moy siso;valtal moy tontin tontin rae valtal rae;siso rae rae kolkul rae siso rae;tontin moy valtal rae tontin moy tontin;kolkul rae kolkul moy tontin moy valtal;valtal rae valtal rae valtal moy kolkul;tontin moy tontin rae valtal rae tontin","right","atop","false"
"42","A59","G",5,9,"valtal;kolkul;siso;tontin;siso rae valtal;kolkul moy valtal;valtal moy tontin;kolkul rae tontin;siso moy tontin;tontin moy siso;valtal rae siso;kolkul rae siso;tontin moy valtal;siso rae kolkul;valtal moy kolkul;tontin rae kolkul;siso rae tontin tontin tontin;siso moy valtal rae tontin;siso moy valtal rae valtal;valtal rae tontin moy siso;siso rae siso rae kolkul;kolkul moy tontin rae tontin;siso rae kolkul moy siso;kolkul rae valtal moy tontin;kolkul moy kolkul rae valtal;tontin moy tontin moy valtal;kolkul rae kolkul moy valtal;kolkul moy siso moy valtal;tontin moy siso moy tontin rae siso;siso moy siso moy kolkul rae kolkul;tontin rae tontin moy kolkul moy tontin;kolkul moy kolkul rae tontin rae valtal;siso rae valtal moy kolkul moy valtal;siso moy valtal moy kolkul moy siso;valtal moy valtal rae valtal rae tontin;tontin rae siso rae kolkul rae siso;siso moy siso moy tontin rae valtal;kolkul rae kolkul moy tontin moy valtal;valtal rae valtal rae kolkul moy kolkul;siso rae valtal rae tontin moy tontin","left","under","false"
"48","A30","H",5,2,"sulsal;tinkin;kakan;volsol;kakan rae sulsal;tinkin moy sulsal;sulsal moy volsol;tinkin rae volsol;kakan moy volsol;volsol moy kakan;sulsal rae kakan;tinkin rae kakan;volsol moy sulsal;kakan rae tinkin;sulsal moy tinkin;volsol rae tinkin;kakan volsol rae rae volsol;kakan moy sulsal rae volsol;kakan sulsal rae sulsal rae;sulsal rae volsol moy kakan;kakan rae kakan rae tinkin;tinkin moy volsol rae volsol;kakan rae tinkin moy kakan;tinkin rae sulsal moy volsol;tinkin tinkin rae sulsal rae;volsol moy volsol moy sulsal;tinkin rae tinkin moy sulsal;tinkin moy tinkin moy sulsal;volsol moy kakan moy volsol rae kakan;kakan kakan tinkin rae tinkin rae tinkin;volsol rae volsol moy tinkin moy volsol;tinkin tinkin rae volsol rae sulsal rae;kakan rae sulsal moy tinkin moy sulsal;kakan moy sulsal moy tinkin moy kakan;sulsal moy sulsal rae sulsal rae volsol;volsol rae kakan rae tinkin rae kakan;kakan moy kakan moy volsol rae sulsal;tinkin rae tinkin moy volsol moy sulsal;sulsal rae sulsal rae tinkin moy tinkin;kakan rae sulsal rae volsol moy volsol","left","under","false"
"54","A20","I",5,6,"soko;vilval;tulkul;kinsin;soko rae tulkul;vilval moy soko;soko moy kinsin;vilval rae kinsin;tulkul moy kinsin;kinsin moy tulkul;soko rae tulkul;vilval rae tulkul;kinsin moy soko;tulkul rae vilval;soko moy vilval;kinsin rae vilval;tulkul rae kinsin rae kinsin;tulkul moy soko rae kinsin;tulkul moy soko rae soko;soko rae kinsin moy tulkul;tulkul rae tulkul rae vilval;vilval moy kinsin rae kinsin;tulkul rae vilval moy tulkul;vilval rae soko moy kinsin;vilval moy vilval rae soko;kinsin moy kinsin moy soko;vilval rae vilval moy soko;vilval moy tulkul moy soko;kinsin moy tulkul moy kinsin rae tulkul;tulkul moy tulkul moy vilval rae vilval;kinsin rae kinsin moy vilval moy kinsin;vilval moy vilval rae kinsin rae soko;tulkul rae soko moy vilval moy soko;tulkul moy soko moy vilval moy tulkul;soko moy soko rae soko rae kinsin;kinsin rae tulkul rae vilval rae tulkul;tulkul moy tulkul moy kinsin rae soko;vilval rae vilval moy kinsin moy soko;soko rae soko rae vilval moy vilval;tulkul rae soko rae kinsin moy kinsin","left","atop","false"
"60","A44","J",5,5,"toltul;vivin;sasan;koto;sasan rae toltul;toltul moy vivin;koto moy toltul;vivin rae koto;koto moy sasan;sasan moy koto;toltul rae sasan;vivin rae sasan;toltul moy koto;sasan rae vivin;vivin moy toltul;koto rae vivin;sasan rae koto rae koto;toltul rae koto moy sasan;toltul moy sasan rae toltul;sasan rae koto toltul rae;sasan rae sasan rae vivin;koto rae koto moy vivin;sasan moy sasan rae vivin;vivin rae koto moy toltul;vivin moy vivin rae toltul;vivin moy toltul moy koto;toltul toltul moy vivin rae;toltul moy sasan moy vivin;koto rae sasan moy sasan moy koto;vivin koto sasan moy sasan rae vivin;koto moy koto rae vivin moy koto;vivin moy vivin rae koto rae toltul;sasan rae toltul moy vivin moy toltul;sasan moy vivin moy toltul moy sasan;toltul rae toltul rae koto moy toltul;koto rae sasan rae vivin rae sasan;koto moy sasan rae toltul moy sasan;toltul moy koto moy vivin rae vivin;vivin moy toltul rae toltul rae vivin;sasan rae toltul rae koto moy koto","right","under","false"
"66","A60","K",5,4,"tuntul;vinkin;sosi;kanka;rae sosi tuntul;moy tuntul vinkin;moy kanka tuntul;rae vinkin kanka;moy kanka sosi;moy sosi kanka;rae tuntul sosi;rae vinkin sosi;moy tuntul kanka;rae sosi vinkin;moy vinkin tuntul;rae kanka vinkin;rae kanka rae sosi kanka;moy tuntul rae kanka sosi;moy tuntul rae tuntul sosi;rae tuntul moy sosi kanka;rae sosi rae sosi vinkin;moy kanka rae kanka vinkin;moy sosi rae sosi vinkin;rae vinkin moy kanka tuntul;rae vinkin moy vinkin tuntul;moy tuntul moy kanka kanka;moy tuntul rae vinkin vinkin;moy tuntul moy sosi vinkin;rae kanka sosi moy sosi kanka moy;moy vinkin moy sosi sosi rae vinkin;rae moy kanka kanka rae kanka vinkin;rae moy vinkin vinkin rae kanka rae;rae sosi moy tuntul vinkin moy tuntul;moy sosi moy tuntul vinkin moy sosi;rae tuntul rae tuntul vinkin moy tuntul;rae kanka rae tuntul sosi rae sosi;moy kanka rae tuntul sosi moy sosi;moy tuntul moy kanka rae vinkin vinkin;moy vinkin rae tuntul rae tuntul vinkin;rae sosi rae tuntul moy vinkin vinkin","right","under","false"
"72","A53","L",5,0,"kilkul;tovo;vanva;sunsin;kilkul rae tovo;kilkul moy vanva;sunsin moy kilkul;sunsin rae vanva;sunsin moy tovo;tovo moy sunsin;tovo rae kilkul;tovo rae vanva;kilkul moy sunsin;vanva rae tovo;vanva moy kilkul;vanva rae sunsin;sunsin rae sunsin rae tovo;sunsin rae kilkul moy tovo;kilkul rae kilkul moy tovo;tovo moy sunsin rae kilkul;vanva rae tovo rae tovo;sunsin rae sunsin moy vanva;tovo moy vanva rae tovo;sunsin moy kilkul rae vanva;kilkul rae vanva moy vanva;kilkul moy sunsin moy sunsin;kilkul moy tovo rae tovo;kilkul moy tovo moy vanva;tovo rae sunsin moy tovo moy sunsin;vanva rae vanva moy tovo moy tovo;sunsin moy vanva moy sunsin rae sunsin;kilkul rae sunsin rae vanva moy vanva;kilkul moy vanva moy kilkul rae tovo;tovo moy vanva moy kilkul moy tovo;sunsin rae kilkul rae kilkul moy kilkul;tovo rae vanva rae tovo rae sunsin;kilkul rae sunsin moy tovo moy tovo;kilkul moy sunsin moy vanva rae vanva;vanva moy vanva rae kilkul rae kilkul;sunsin moy sunsin rae kilkul rae tovo","right","atop","false"
